{"cameraMode":{"drawMode":0,"name":"Shaded","section":"Shading Mode"},"sceneLighting":false,"audioPlay":false,"sceneViewState":{"m_AlwaysRefresh":false,"showFog":true,"showSkybox":false,"showFlares":true,"showImageEffects":true,"showParticleSystems":true,"showVisualEffectGraphs":true,"m_FxEnabled":true},"in2DMode":false,"pivot":{"x":0.12314921617507935,"y":0.5505490303039551,"z":0.25518327951431277},"rotation":{"x":0.004879541229456663,"y":0.9862239360809326,"z":-0.16269969940185548,"w":0.0295956339687109},"size":0.8411786556243897,"orthographic":true}